<keymap version="1" name="Visual Studio 2022 copy" parent="Visual Studio 2022">
  <action id="Images.Editor.ToggleGrid" />
  <action id="OpenInRightSplit">
    <keyboard-shortcut first-keystroke="shift enter" />
    <mouse-shortcut keystroke="alt button1 doubleClick" />
    <keyboard-shortcut first-keystroke="ctrl enter" />
  </action>
  <action id="ShowHarpoon">
    <keyboard-shortcut first-keystroke="ctrl quote" />
  </action>
  <action id="TabShiftActions.ShiftRight" />
  <action id="ToggleZenMode">
    <keyboard-shortcut first-keystroke="alt quote" />
  </action>
</keymap>