<application>
  <component name="CodeInsightSettings">
    <option name="completionCaseSensitive" value="2" />
    <option name="selectAutopopupSuggestionsByChars" value="true" />
    <option name="AUTO_POPUP_JAVADOC_INFO" value="true" />
    <option name="COMPLETION_CASE_SENSITIVE" value="2" />
    <option name="SELECT_AUTOPOPUP_SUGGESTIONS_BY_CHARS" value="true" />
    <option name="AUTOCOMPLETE_ON_CODE_COMPLETION" value="false" />
    <option name="INSERT_BRACE_ON_ENTER" value="false" />
    <option name="HIGHLIGHT_IDENTIFIER_UNDER_CARET" value="false" />
  </component>
  <component name="EditorSettings">
    <option name="languageBreadcrumbsMap">
      <map>
        <entry key="C#" value="true" />
        <entry key="C++" value="true" />
      </map>
    </option>
    <option name="USE_SOFT_WRAPS" value="" />
    <option name="STRIP_TRAILING_SPACES" value="None" />
    <option name="IS_CARET_BLINKING" value="false" />
    <option name="IS_RIGHT_MARGIN_SHOWN" value="false" />
    <option name="SHOW_BREADCRUMBS" value="false" />
    <option name="IS_INDENT_GUIDES_SHOWN" value="false" />
    <option name="IS_ANIMATED_SCROLLING" value="false" />
    <option name="IS_WHEEL_FONTCHANGE_ENABLED" value="true" />
    <option name="IS_WHEEL_FONTCHANGE_PERSISTENT" value="true" />
    <option name="REFRAIN_FROM_SCROLLING" value="true" />
  </component>
  <component name="TodoConfiguration">
    <pattern pattern="\bNotImplementedException\b" />
    <pattern pattern="(?&lt;=\W|^)(?&lt;TAG&gt;BUG)(\W|$)(.*)" />
    <pattern pattern="(?&lt;=\W|^)(?&lt;TAG&gt;TODO)(\W|$)(.*)" />
  </component>
</application>