<application>
  <component name="LafManager" autodetect="false">
    <laf class-name="com.intellij.ide.ui.laf.darcula.DarculaLaf" themeId="com.github.holby.holby-dark" />
    <lafs-to-previous-schemes>
      <laf-to-scheme laf="Catppuccin Frappe" scheme="_@user_Catppuccin Frappe" />
      <laf-to-scheme laf="Catppuccin Latte" scheme="_@user_Catppuccin Latte" />
      <laf-to-scheme laf="Catppuccin Macchiato" scheme="_@user_Catppuccin Macchiato" />
      <laf-to-scheme laf="Catppuccin Mocha" scheme="_@user_Catppuccin Mocha" />
      <laf-to-scheme laf="Darcula" scheme="_@user_Holby Dark" />
      <laf-to-scheme laf="Gradianto Dark Fuchsia" scheme="_@user_Gradianto Dark Fuchsia" />
      <laf-to-scheme laf="Gradianto Nature Green" scheme="_@user_Gradianto Nature Green" />
      <laf-to-scheme laf="One Dark Vivid Italic" scheme="_@user_Default" />
      <laf-to-scheme laf="Rider Night" scheme="_@user_GitHub Dark" />
      <laf-to-scheme laf="[NEWUI] Gradianto Dark Fuchsia" scheme="_@user_Gradianto Dark Fuchsia" />
      <laf-to-scheme laf="[NEWUI] Gradianto Deep Ocean" scheme="_@user_Gradianto Deep Ocean New" />
      <laf-to-scheme laf="[NEWUI] Gradianto Midnight Blue" scheme="_@user_Gradianto Midnight Blue New" />
    </lafs-to-previous-schemes>
  </component>
</application>