<application>
  <component name="UISettings">
    <option name="compactTreeIndents" value="true" />
    <option name="DIFFERENTIATE_PROJECTS" value="false" />
    <option name="EDITOR_TAB_PLACEMENT" value="0" />
    <option name="FULL_PATHS_IN_TITLE_BAR" value="true" />
    <option name="HIDE_TABS_IF_NEED" value="false" />
    <option name="MAX_LOOKUP_WIDTH2" value="1000" />
    <option name="NAVIGATION_BAR_LOCATION" value="TOP" />
    <option name="SHOW_CLOSE_BUTTON" value="false" />
    <option name="smoothScrolling" value="false" />
    <option name="UI_DENSITY" value="COMPACT" />
  </component>
</application>